{"name":"Auspicious Time","short_name":"Auspicious Time","description":"Find the most auspicious times for your activities using Vedic astrology","start_url":"/","display":"standalone","background_color":"#ffffff","theme_color":"#3b82f6","orientation":"portrait","scope":"/","lang":"en","categories":["lifestyle","utilities"],"icons":[{"src":"/icon-192x192.png","sizes":"192x192","type":"image/png","purpose":"maskable any"},{"src":"/icon-512x512.png","sizes":"512x512","type":"image/png","purpose":"maskable any"}],"screenshots":[{"src":"/screenshot-mobile.png","sizes":"390x844","type":"image/png","form_factor":"narrow"}]}